Index: 0,Produto_ID,Nome_Produto2,Custo_Unitario,Classificação ABC,Quantidade_Estoque,Estoque_Minimo,Criticidade,Lead_Time_Dias,Sugestao_Compra
0,1,Arroz,43,B,60,458.3276385307637,3,9.0,252.6586170908837
1,2,Feijao,33,A,10,5184.61424309619,6,11.0,2402.081952104887
2,3,Acucar,19,A,5,4859.254254135675,5,10.5,1965.069698588108
3,4,Sal,47,B,43,489.7132667189658,3,12.0,269.2778467510061
4,5,Oleo,12,C,5,391.523809260075,2,8.0,315.707113312428
5,6,Macarrao,25,A,67,8195.275252766038,5,12.5,2766.682665578372
6,7,Cafe,43,A,61,2804.961673273838,5,8.0,1233.353114435358
7,8,Leite,23,C,71,1513.474277976163,1,10.0,663.9279079207873
8,9,Ovos,27,A,69,3457.756551189074,5,10.5,1712.841004350726
